<?xml version="1.0"?>
<!--

    Sonatype Nexus (TM) Open Source Version
    Copyright (c) 2007-2014 Sonatype, Inc.
    All rights reserved. Includes the third-party code listed at http://links.sonatype.com/products/nexus/oss/attributions.

    This program and the accompanying materials are made available under the terms of the Eclipse Public License Version 1.0,
    which accompanies this distribution and is available at http://www.eclipse.org/legal/epl-v10.html.

    Sonatype Nexus (TM) Professional Version is available from Sonatype, Inc. "Sonatype" and "Sonatype Nexus" are trademarks
    of Sonatype, Inc. Apache Maven is a trademark of the Apache Software Foundation. M2eclipse is a trademark of the
    Eclipse Foundation. All other trademarks are the property of their respective owners.

-->
<!DOCTYPE Configure PUBLIC "-//Jetty//Configure//EN" "http://www.eclipse.org/jetty/configure.dtd">

<!-- ============================================================ -->
<!--                                                              -->
<!-- For help using this configuration, see:                      -->
<!--                                                              -->
<!--   http://links.sonatype.com/products/nexus/oss/docs-jetty    -->
<!--                                                              -->
<!-- ============================================================ -->
<Configure id="Server" class="org.eclipse.jetty.server.Server">

      <!-- =========================================================== -->
    <!-- Server Thread Pool                                          -->
    <!-- =========================================================== -->
    <Set name="ThreadPool">
      <!-- Default queued blocking threadpool -->
      <New class="org.eclipse.jetty.util.thread.QueuedThreadPool">
        <Set name="minThreads">10</Set>
        <Set name="maxThreads">200</Set>
        <Set name="detailedDump">false</Set>
      </New>
    </Set>

    <!-- =========================================================== -->
    <!-- Set connectors                                              -->
    <!-- =========================================================== -->

    <Call name="addConnector">
      <Arg>
          <New class="org.eclipse.jetty.server.nio.SelectChannelConnector">
            <Set name="host">0.0.0.0</Set>
            <Set name="port"><Property name="application-port" default="8080"/></Set>
            <Set name="maxIdleTime">300000</Set>
            <Set name="Acceptors">2</Set>
            <Set name="statsOn">false</Set>
            <Set name="confidentialPort">8443</Set>
			<Set name="lowResourcesConnections">20000</Set>
			<Set name="lowResourcesMaxIdleTime">5000</Set>
          </New>
      </Arg>
    </Call>

    <!-- =========================================================== -->
    <!-- Set handler Collection Structure                            --> 
    <!-- =========================================================== -->
    <Set name="handler">
      <New id="Handlers" class="free.solely.bootstrap.jetty.DeployHandler"></New>
    </Set>

  <Set name="stopAtShutdown">true</Set>
  <Set name="sendServerVersion">true</Set>
  <Set name="sendDateHeader">true</Set>
  <Set name="gracefulShutdown">1000</Set>

</Configure>
