<?xml version="1.0"?>
<!--

    Sonatype Nexus (TM) Open Source Version
    Copyright (c) 2007-2014 Sonatype, Inc.
    All rights reserved. Includes the third-party code listed at http://links.sonatype.com/products/nexus/oss/attributions.

    This program and the accompanying materials are made available under the terms of the Eclipse Public License Version 1.0,
    which accompanies this distribution and is available at http://www.eclipse.org/legal/epl-v10.html.

    Sonatype Nexus (TM) Professional Version is available from Sonatype, Inc. "Sonatype" and "Sonatype Nexus" are trademarks
    of Sonatype, Inc. Apache Maven is a trademark of the Apache Software Foundation. M2eclipse is a trademark of the
    Eclipse Foundation. All other trademarks are the property of their respective owners.

-->
<!DOCTYPE Configure PUBLIC "-//Jetty//Configure//EN" "http://www.eclipse.org/jetty/configure.dtd">

<!-- =============================================================== -->
<!-- Configure the Jetty Request Log                                 -->
<!-- =============================================================== -->

<Configure id="Server" class="org.eclipse.jetty.server.Server">

  <Ref id="Handlers">
    <Call name="addHandler">
      <Arg>
        <New id="RequestLogHandler" class="org.eclipse.jetty.server.handler.RequestLogHandler">
          <Set name="requestLog">
            <New id="LogbackRequestLog" class="ch.qos.logback.access.jetty.RequestLogImpl">
              <Set name="fileName"><Property name="baseidr"/>/conf/logback-access.xml</Set>
              <Set name="quiet">true</Set>
            </New>
          </Set>
        </New>
      </Arg>
    </Call>
  </Ref>

</Configure>
