<?xml version="1.0"?>
<!--

    Sonatype Nexus (TM) Open Source Version
    Copyright (c) 2007-2014 Sonatype, Inc.
    All rights reserved. Includes the third-party code listed at http://links.sonatype.com/products/nexus/oss/attributions.

    This program and the accompanying materials are made available under the terms of the Eclipse Public License Version 1.0,
    which accompanies this distribution and is available at http://www.eclipse.org/legal/epl-v10.html.

    Sonatype Nexus (TM) Professional Version is available from Sonatype, Inc. "Sonatype" and "Sonatype Nexus" are trademarks
    of Sonatype, Inc. Apache Maven is a trademark of the Apache Software Foundation. M2eclipse is a trademark of the
    Eclipse Foundation. All other trademarks are the property of their respective owners.

-->
<!DOCTYPE Configure PUBLIC "-//Jetty//Configure//EN" "http://www.eclipse.org/jetty/configure.dtd">

<!-- =============================================================== -->
<!-- Force HTTP connections to redirect to the HTTPS connector       -->
<!-- REQUIRES jetty-https.xml or connector with application-port-ssl -->
<!-- =============================================================== -->
<Configure id="Server" class="org.eclipse.jetty.server.Server">

  <Ref id="HTTPConnector">
    <Set name="confidentialPort"><Property name="application-port-ssl"/></Set>
  </Ref>

  <Ref id="SporeWebAppContext">
    <!-- enforce use of the confidential port -->
    <Set name="securityHandler">
      <New class="org.eclipse.jetty.security.ConstraintSecurityHandler">
        <Call name="addConstraintMapping">
          <Arg>
            <New class="org.eclipse.jetty.security.ConstraintMapping">
              <Set name="pathSpec">/*</Set>
              <Set name="constraint">
                <New class="org.eclipse.jetty.util.security.Constraint">
                  <!-- 2 means CONFIDENTIAL. 1 means INTEGRITY -->
                  <Set name="dataConstraint">2</Set>
                </New>
              </Set>
            </New>
          </Arg>
        </Call>
      </New>
    </Set>
  </Ref>

</Configure>
