<?xml version="1.0" encoding="UTF-8"?>
<!--

    Sonatype Nexus (TM) Open Source Version
    Copyright (c) 2007-2014 Sonatype, Inc.
    All rights reserved. Includes the third-party code listed at http://links.sonatype.com/products/nexus/oss/attributions.

    This program and the accompanying materials are made available under the terms of the Eclipse Public License Version 1.0,
    which accompanies this distribution and is available at http://www.eclipse.org/legal/epl-v10.html.

    Sonatype Nexus (TM) Professional Version is available from Sonatype, Inc. "Sonatype" and "Sonatype Nexus" are trademarks
    of Sonatype, Inc. Apache Maven is a trademark of the Apache Software Foundation. M2eclipse is a trademark of the
    Eclipse Foundation. All other trademarks are the property of their respective owners.

-->
<!-- This configuration added to prevent logback default of DEBUG output -->
<configuration>
  <appender name="console" class="ch.qos.logback.core.ConsoleAppender">
    <encoder>
      <pattern>%d{"yyyy-MM-dd HH:mm:ss,SSSZ"} %-5p [%thread] %X{userId} %c - %m%n</pattern>
    </encoder>
  </appender>

  <logger name="Sisu" level="INFO"/>
  <logger name="org.eclipse.jetty.webapp" level="INFO"/>
  <logger name="org.eclipse.jetty.webapp.StandardDescriptorProcessor" level="WARN"/>

  <root level="${spore.log.level:-INFO}">
    <appender-ref ref="console"/>
  </root>
</configuration>
