<?xml version="1.0"?>
<!--

    Sonatype Nexus (TM) Open Source Version
    Copyright (c) 2007-2014 Sonatype, Inc.
    All rights reserved. Includes the third-party code listed at http://links.sonatype.com/products/nexus/oss/attributions.

    This program and the accompanying materials are made available under the terms of the Eclipse Public License Version 1.0,
    which accompanies this distribution and is available at http://www.eclipse.org/legal/epl-v10.html.

    Sonatype Nexus (TM) Professional Version is available from Sonatype, Inc. "Sonatype" and "Sonatype Nexus" are trademarks
    of Sonatype, Inc. Apache Maven is a trademark of the Apache Software Foundation. M2eclipse is a trademark of the
    Eclipse Foundation. All other trademarks are the property of their respective owners.

-->
<configuration>
  <appender name="request.logfile" class="ch.qos.logback.core.rolling.RollingFileAppender">
    <File>${basedir}/logs/request.log</File>
    <Append>true</Append>
    <encoder>
      <pattern>common</pattern>
    </encoder>
    <rollingPolicy class="ch.qos.logback.core.rolling.TimeBasedRollingPolicy">
      <fileNamePattern>${basedir}/logs/request.log.%d{yyyy-MM-dd}.gz</fileNamePattern>
      <maxHistory>90</maxHistory>
    </rollingPolicy>
  </appender>

  <appender-ref ref="request.logfile"/>
</configuration>
